{"CACHE_SYNC_FILE_HASH":{"D:\\DE\\DataManagement\\hvigor\\hvigor-config.json5":"992e0d92f45638d10e31adbd76308ad188a796f9e75e654a0a7833f311db6361","D:\\DE\\DataManagement\\build-profile.json5":"094e3701da30d7ec792834bf00afdeacc1330796f18ff317e82f5ff39e8629df","D:\\DE\\DataManagement\\hvigorfile.ts":"a50ed994ea42afb7ac3a41f5301fbd48376d737ab767f897af5f39cb0c6e2637","D:\\DE\\DataManagement\\oh-package.json5":"f86d8a77c8b0afaf0729975d19e8d9b38601e6009f4dc1fa86cb0971e1e79c49","D:\\DE\\DataManagement\\entry\\build-profile.json5":"f9de26b34dd200a27227487a7dbead8bf2d0d6ade9547b41a085740ce2eee6f2","D:\\DE\\DataManagement\\entry\\hvigorfile.ts":"602c793a756286450e29833b4d4d9355792a9c622f0e3126d2f12d72476c3307","D:\\DE\\DataManagement\\entry\\oh-package.json5":"f6f833840159dd6d991f5aec18403ff8be85593d984ca85bdda08446dee2cf76","D:\\DE\\DataManagement\\.hvigor\\outputs\\sync\\output.json":"3699336acfec711b22c7d292b0dcdeecd982ae0d4ab44dab20533c3b8e80d84f","SDK_LOCATION":"D:/DE/DevEco Studio/sdk"},"OHPM_INSTALL_FILE_HASH":{"D:\\DE\\DataManagement\\oh-package.json5":"f86d8a77c8b0afaf0729975d19e8d9b38601e6009f4dc1fa86cb0971e1e79c49","D:\\DE\\DataManagement\\oh_modules\\.ohpm\\lock.json5":"8f2dd6c32cccbeda4713de96fc2e6cccda3154e249023d0909a3264914245193","D:\\DE\\DataManagement\\entry\\oh-package.json5":"f6f833840159dd6d991f5aec18403ff8be85593d984ca85bdda08446dee2cf76","D:\\DE\\DataManagement\\oh_modules":true,"D:\\DE\\DataManagement\\entry\\oh_modules":false}}