{
  "HVIGOR_OHOS_PLUGIN": {
    "MODULES": [
      {
        "MODULE_NAME": "1043bfc77febe75fafec0c4309faccf1",
        "API_TYPE": "stageMode",
        "INCREMENTAL_TASKS": {
          "COMPILE_ARKTS": false
        }
      }
    ],
    "BUILD_MODE": "debug",
    "USE_NORMALIZED_OHMURL": true
  },
  "HVIGOR": {
    "IS_INCREMENTAL": true,
    "IS_DAEMON": true,
    "IS_PARALLEL": true,
    "IS_HVIGORFILE_TYPE_CHECK": false,
    "TASK_TIME": {
      "1043bfc77febe75fafec0c4309faccf1": {
        "init": 197400,
        "PreBuild": 238254100,
        "GenerateMetadata": 7998400,
        "ConfigureCmake": 690200,
        "MergeProfile": 6493300,
        "CreateBuildProfile": 4066000,
        "PreCheckSyscap": 641200,
        "GeneratePkgContextInfo": 1329500,
        "ProcessIntegratedHsp": 1837800,
        "BuildNativeWithCmake": 473600,
        "MakePackInfo": 6740000,
        "SyscapTransform": 1413400,
        "ProcessProfile": 146937100,
        "ProcessRouterMap": 11268400,
        "BuildNativeWithNinja": 4737100,
        "ProcessResource": 17847800,
        "GenerateLoaderJson": 15645400,
        "CompileResource": 566025500,
        "BuildJS": 2731900,
        "ProcessLibs": 1503471700,
        "DoNativeStrip": 18383700,
        "CacheNativeLibs": 1078494100,
        "CompileArkTS": 7689164200,
        "GeneratePkgModuleJson": 2590300,
        "PackageHap": 699794300,
        "SignHap": 1619300,
        "CollectDebugSymbol": 3534200,
        "assembleHap": 240800
      },
      "APP": {
        "init": 130500
      }
    },
    "BUILD_ID": "202511051648549630",
    "TOTAL_TIME": 9687034600
  }
}