{"D:\\DE\\DataManagement\\AppScope\\app.json5":{"hashValue":"658b151d612d37678c94432d692d82d7","name":"app.json5","path":"D:\\DE\\DataManagement\\AppScope\\app.json5","type":"file","isSymbolicLink":false,"fileMetaData":{"size":226,"lastModifiedTime":1762331731411}},"D:\\DE\\DataManagement\\entry\\src\\main\\module.json5":{"hashValue":"e050fc3555294dba4a745e458cf2678d","name":"module.json5","path":"D:\\DE\\DataManagement\\entry\\src\\main\\module.json5","type":"file","isSymbolicLink":false,"fileMetaData":{"size":1342,"lastModifiedTime":1762331731397}},"D:\\DE\\DataManagement\\build-profile.json5":{"hashValue":"411d990799af002a46c0896dee9c109d","name":"build-profile.json5","path":"D:\\DE\\DataManagement\\build-profile.json5","type":"file","isSymbolicLink":false,"fileMetaData":{"size":756,"lastModifiedTime":1762331731424}},"D:\\DE\\DataManagement\\entry\\build-profile.json5":{"hashValue":"6bebc48683c9bd3f53387213383ba798","name":"build-profile.json5","path":"D:\\DE\\DataManagement\\entry\\build-profile.json5","type":"file","isSymbolicLink":false,"fileMetaData":{"size":449,"lastModifiedTime":1762331731393}},"D:\\DE\\DataManagement\\entry\\src\\main\\resources\\base\\profile\\main_pages.json":{"hashValue":"0f0ea07ec8fab46f599276087170d066","name":"main_pages.json","path":"D:\\DE\\DataManagement\\entry\\src\\main\\resources\\base\\profile\\main_pages.json","type":"file","isSymbolicLink":false,"fileMetaData":{"size":88,"lastModifiedTime":1762332136570}},"D:\\DE\\DataManagement\\hvigor\\hvigor-config.json5":{"hashValue":"9529db139639ad8b996b6283a3e4b00d","name":"hvigor-config.json5","path":"D:\\DE\\DataManagement\\hvigor\\hvigor-config.json5","type":"file","isSymbolicLink":false,"fileMetaData":{"size":1323,"lastModifiedTime":1762331726848}},"D:\\DE\\DataManagement\\entry\\src\\mock\\mock-config.json5":{"hashValue":"ce5a9f8d37184629c60e5b7bac95d8d1","name":"mock-config.json5","path":"D:\\DE\\DataManagement\\entry\\src\\mock\\mock-config.json5","type":"file","isSymbolicLink":false,"fileMetaData":{"size":3,"lastModifiedTime":1762331727018}},"D:\\DE\\DataManagement\\entry\\oh-package.json5":{"hashValue":"08896f0129f195fe0e9addccd6379683","name":"oh-package.json5","path":"D:\\DE\\DataManagement\\entry\\oh-package.json5","type":"file","isSymbolicLink":false,"fileMetaData":{"size":183,"lastModifiedTime":1762331726927}},"D:\\DE\\DataManagement\\oh-package.json5":{"hashValue":"83d3a2cc9984afdbf6a3837b22a2459f","name":"oh-package.json5","path":"D:\\DE\\DataManagement\\oh-package.json5","type":"file","isSymbolicLink":false,"fileMetaData":{"size":210,"lastModifiedTime":1762331731387}},"D:\\DE\\DataManagement\\entry\\build\\default\\intermediates\\hap_metadata\\default\\output_metadata.json":{"hashValue":"fa713a5d37525bbe5229ed14e9b5c0d5","name":"output_metadata.json","path":"D:\\DE\\DataManagement\\entry\\build\\default\\intermediates\\hap_metadata\\default\\output_metadata.json","type":"file","isSymbolicLink":false,"fileMetaData":{"size":100,"lastModifiedTime":1762332535349}},"D:\\DE\\DataManagement\\entry\\build\\default\\intermediates\\merge_profile\\default\\module.json":{"hashValue":"939f8c8e580d2918ed8d479beedb7627","name":"module.json","path":"D:\\DE\\DataManagement\\entry\\build\\default\\intermediates\\merge_profile\\default\\module.json","type":"file","isSymbolicLink":false,"fileMetaData":{"size":1583,"lastModifiedTime":1762332535364}},"D:\\DE\\DataManagement\\entry\\build\\default\\generated\\profile\\default\\BuildProfile.ets":{"hashValue":"c62394e575ea33761c8507b61757db77","name":"BuildProfile.ets","path":"D:\\DE\\DataManagement\\entry\\build\\default\\generated\\profile\\default\\BuildProfile.ets","type":"file","isSymbolicLink":false,"fileMetaData":{"size":869,"lastModifiedTime":1762332535371}},"D:\\DE\\DataManagement\\entry\\build\\default\\intermediates\\loader\\default\\pkgContextInfo.json":{"hashValue":"e8450b303c07271c2ab30b99f7378e6e","name":"pkgContextInfo.json","path":"D:\\DE\\DataManagement\\entry\\build\\default\\intermediates\\loader\\default\\pkgContextInfo.json","type":"file","isSymbolicLink":false,"fileMetaData":{"size":444,"lastModifiedTime":1762332535386}},"D:\\DE\\DataManagement\\build\\cache\\default\\integrated_hsp\\integratedHspCache.json":{"hashValue":"","name":"emptyroot","path":"","type":"unknown","isSymbolicLink":false,"children":[]},"D:\\DE\\DataManagement\\entry\\src\\main\\resources\\base\\profile\\backup_config.json":{"hashValue":"8afb4e7b8ffd515f0962483d462749d3","name":"backup_config.json","path":"D:\\DE\\DataManagement\\entry\\src\\main\\resources\\base\\profile\\backup_config.json","type":"file","isSymbolicLink":false,"fileMetaData":{"size":36,"lastModifiedTime":1762331727138}},"D:\\DE\\DataManagement\\entry\\build\\default\\outputs\\default\\pack.info":{"hashValue":"a1eefe5a4215a8e1783302664d8d1396","name":"pack.info","path":"D:\\DE\\DataManagement\\entry\\build\\default\\outputs\\default\\pack.info","type":"file","isSymbolicLink":false,"fileMetaData":{"size":643,"lastModifiedTime":1762332535402}},"D:\\DE\\DevEco Studio\\sdk\\default\\openharmony\\toolchains\\syscap_tool.exe":{"hashValue":"af9692af0b7a4ed449b2569a70c20c05","name":"syscap_tool.exe","path":"D:\\DE\\DevEco Studio\\sdk\\default\\openharmony\\toolchains\\syscap_tool.exe","type":"file","isSymbolicLink":false,"fileMetaData":{"size":347648,"lastModifiedTime":1757469081491}},"D:\\DE\\DevEco Studio\\sdk\\default\\openharmony\\ets\\api\\device-define":{"hashValue":"04d9422656fbc5cff7d4aee854a50b91","name":"device-define","path":"D:\\DE\\DevEco Studio\\sdk\\default\\openharmony\\ets\\api\\device-define","type":"directory","isSymbolicLink":false,"children":[{"hashValue":"463eaafd8d14657cbd9e967f2ae888d5","name":"default.json","path":"D:\\DE\\DevEco Studio\\sdk\\default\\openharmony\\ets\\api\\device-define\\default.json","type":"file","isSymbolicLink":false,"fileMetaData":{"size":12477,"lastModifiedTime":1740744905000}},{"hashValue":"0465392f4a206be8c21ae0db9910db66","name":"liteWearable.json","path":"D:\\DE\\DevEco Studio\\sdk\\default\\openharmony\\ets\\api\\device-define\\liteWearable.json","type":"file","isSymbolicLink":false,"fileMetaData":{"size":883,"lastModifiedTime":1740744905000}},{"hashValue":"9a17dc78de116043752f13e8aa366ab5","name":"tablet.json","path":"D:\\DE\\DevEco Studio\\sdk\\default\\openharmony\\ets\\api\\device-define\\tablet.json","type":"file","isSymbolicLink":false,"fileMetaData":{"size":11990,"lastModifiedTime":1740744905000}},{"hashValue":"3982aa38209416ef2d535fed7f02c068","name":"wearable.json","path":"D:\\DE\\DevEco Studio\\sdk\\default\\openharmony\\ets\\api\\device-define\\wearable.json","type":"file","isSymbolicLink":false,"fileMetaData":{"size":12130,"lastModifiedTime":1740744905000}}]},"D:\\DE\\DataManagement\\entry\\build\\default\\intermediates\\syscap\\default\\rpcid.sc":{"hashValue":"","name":"emptyroot","path":"","type":"unknown","isSymbolicLink":false,"children":[]},"D:\\DE\\DataManagement\\entry\\build\\default\\intermediates\\process_profile\\default\\module.json":{"hashValue":"23c8743a92208c8829dd2deb7d83b429","name":"module.json","path":"D:\\DE\\DataManagement\\entry\\build\\default\\intermediates\\process_profile\\default\\module.json","type":"file","isSymbolicLink":false,"fileMetaData":{"size":1669,"lastModifiedTime":1762332535565}},"D:\\DE\\DataManagement\\entry\\build\\default\\intermediates\\router_map\\default\\temp-router-map.json":{"hashValue":"838cdf47657ccd11bfb8a2ae640449a1","name":"temp-router-map.json","path":"D:\\DE\\DataManagement\\entry\\build\\default\\intermediates\\router_map\\default\\temp-router-map.json","type":"file","isSymbolicLink":false,"fileMetaData":{"size":16,"lastModifiedTime":1762332535577}},"D:\\DE\\DataManagement\\entry\\build\\default\\intermediates\\router_map\\default\\loader-router-map.json":{"hashValue":"12017d6701d18c71c854bf8e4aa6c58f","name":"loader-router-map.json","path":"D:\\DE\\DataManagement\\entry\\build\\default\\intermediates\\router_map\\default\\loader-router-map.json","type":"file","isSymbolicLink":false,"fileMetaData":{"size":16,"lastModifiedTime":1762332535579}},"D:\\DE\\DataManagement\\entry\\build\\default\\intermediates\\res\\default\\resConfig.json":{"hashValue":"d1e6a89207900ae0479c5ff68be78f74","name":"resConfig.json","path":"D:\\DE\\DataManagement\\entry\\build\\default\\intermediates\\res\\default\\resConfig.json","type":"file","isSymbolicLink":false,"fileMetaData":{"size":960,"lastModifiedTime":1762332535607}},"D:\\DE\\DataManagement\\entry\\build\\default\\intermediates\\res\\default\\opt-compression.json":{"hashValue":"fec83cb9ccea64003a520e0c453ad97e","name":"opt-compression.json","path":"D:\\DE\\DataManagement\\entry\\build\\default\\intermediates\\res\\default\\opt-compression.json","type":"file","isSymbolicLink":false,"fileMetaData":{"size":176,"lastModifiedTime":1762332535607}},"D:\\DE\\DataManagement\\entry\\build\\default\\intermediates\\loader\\default\\loader.json":{"hashValue":"ae6c79945e9699b74b1c552fabe86caf","name":"loader.json","path":"D:\\DE\\DataManagement\\entry\\build\\default\\intermediates\\loader\\default\\loader.json","type":"file","isSymbolicLink":false,"fileMetaData":{"size":866,"lastModifiedTime":1762332535628}},"D:\\DE\\DataManagement\\entry\\build\\default\\intermediates\\libs\\default":{"hashValue":"","name":"default","path":"D:\\DE\\DataManagement\\entry\\build\\default\\intermediates\\libs\\default","type":"directory","isSymbolicLink":false,"children":[]},"D:\\DE\\DataManagement\\entry\\src\\main\\resources":{"hashValue":"5108186c77044b593ec270389457ed95","name":"resources","path":"D:\\DE\\DataManagement\\entry\\src\\main\\resources","type":"directory","isSymbolicLink":false,"children":[{"hashValue":"15a54cb5f89caf2a4a45e3228273666e","name":"base","path":"D:\\DE\\DataManagement\\entry\\src\\main\\resources\\base","type":"directory","isSymbolicLink":false,"children":[{"hashValue":"00f2ccc0b28573d9cde3f2d51b4977c2","name":"element","path":"D:\\DE\\DataManagement\\entry\\src\\main\\resources\\base\\element","type":"directory","isSymbolicLink":false,"children":[{"hashValue":"a3b29866ae2d5950b3e51634f186cc0f","name":"color.json","path":"D:\\DE\\DataManagement\\entry\\src\\main\\resources\\base\\element\\color.json","type":"file","isSymbolicLink":false,"fileMetaData":{"size":105,"lastModifiedTime":1762331727044}},{"hashValue":"25e417001b2f903400fa565593a96150","name":"float.json","path":"D:\\DE\\DataManagement\\entry\\src\\main\\resources\\base\\element\\float.json","type":"file","isSymbolicLink":false,"fileMetaData":{"size":98,"lastModifiedTime":1762332073760}},{"hashValue":"4d47424bb0c617ff6d2e1cf45cc4cd90","name":"string.json","path":"D:\\DE\\DataManagement\\entry\\src\\main\\resources\\base\\element\\string.json","type":"file","isSymbolicLink":false,"fileMetaData":{"size":247,"lastModifiedTime":1762331731418}}]},{"hashValue":"58a92dca2d072d7d9c1e0756d19531e8","name":"media","path":"D:\\DE\\DataManagement\\entry\\src\\main\\resources\\base\\media","type":"directory","isSymbolicLink":false,"children":[{"hashValue":"6627ba7e2d8ddf00975d0724ba81c4e2","name":"background.png","path":"D:\\DE\\DataManagement\\entry\\src\\main\\resources\\base\\media\\background.png","type":"file","isSymbolicLink":false,"fileMetaData":{"size":91942,"lastModifiedTime":1761869499000}},{"hashValue":"637ef6c629e1e6619c894b0323887513","name":"close.png","path":"D:\\DE\\DataManagement\\entry\\src\\main\\resources\\base\\media\\close.png","type":"file","isSymbolicLink":false,"fileMetaData":{"size":5408,"lastModifiedTime":1758524662000}},{"hashValue":"88e4f1b751282484c710281e8d38508d","name":"delete.png","path":"D:\\DE\\DataManagement\\entry\\src\\main\\resources\\base\\media\\delete.png","type":"file","isSymbolicLink":false,"fileMetaData":{"size":5536,"lastModifiedTime":1762137516000}},{"hashValue":"eb96cdf9c2c6fa9f13f76bfb08333ddd","name":"edit.png","path":"D:\\DE\\DataManagement\\entry\\src\\main\\resources\\base\\media\\edit.png","type":"file","isSymbolicLink":false,"fileMetaData":{"size":3613,"lastModifiedTime":1762137488000}},{"hashValue":"90542140be292dbbac7c734f5722aa16","name":"foreground.png","path":"D:\\DE\\DataManagement\\entry\\src\\main\\resources\\base\\media\\foreground.png","type":"file","isSymbolicLink":false,"fileMetaData":{"size":8805,"lastModifiedTime":1761869499000}},{"hashValue":"6bb823ab856405070f1af4d395bf4e0d","name":"layered_image.json","path":"D:\\DE\\DataManagement\\entry\\src\\main\\resources\\base\\media\\layered_image.json","type":"file","isSymbolicLink":false,"fileMetaData":{"size":109,"lastModifiedTime":1761869499000}},{"hashValue":"d00a0cef628632db5e87beb500a60310","name":"look.png","path":"D:\\DE\\DataManagement\\entry\\src\\main\\resources\\base\\media\\look.png","type":"file","isSymbolicLink":false,"fileMetaData":{"size":6660,"lastModifiedTime":1762137463000}},{"hashValue":"c20be7cb99fb51192966bf92e1e29ad1","name":"startIcon.png","path":"D:\\DE\\DataManagement\\entry\\src\\main\\resources\\base\\media\\startIcon.png","type":"file","isSymbolicLink":false,"fileMetaData":{"size":20093,"lastModifiedTime":1761869500000}}]},{"hashValue":"e6672e8aaff6e1cd3cfe728b44ae42d1","name":"profile","path":"D:\\DE\\DataManagement\\entry\\src\\main\\resources\\base\\profile","type":"directory","isSymbolicLink":false,"children":[{"hashValue":"8afb4e7b8ffd515f0962483d462749d3","name":"backup_config.json","path":"D:\\DE\\DataManagement\\entry\\src\\main\\resources\\base\\profile\\backup_config.json","type":"file","isSymbolicLink":false,"fileMetaData":{"size":36,"lastModifiedTime":1762331727138}},{"hashValue":"0f0ea07ec8fab46f599276087170d066","name":"main_pages.json","path":"D:\\DE\\DataManagement\\entry\\src\\main\\resources\\base\\profile\\main_pages.json","type":"file","isSymbolicLink":false,"fileMetaData":{"size":88,"lastModifiedTime":1762332136570}}]}]},{"hashValue":"ebfc0de8dc04de4ec8f889c5a4a03522","name":"dark","path":"D:\\DE\\DataManagement\\entry\\src\\main\\resources\\dark","type":"directory","isSymbolicLink":false,"children":[{"hashValue":"b406eaf03abd9f45c4d538d6c90038fc","name":"element","path":"D:\\DE\\DataManagement\\entry\\src\\main\\resources\\dark\\element","type":"directory","isSymbolicLink":false,"children":[{"hashValue":"aecffc68b4d88099aaa910290b60d8fa","name":"color.json","path":"D:\\DE\\DataManagement\\entry\\src\\main\\resources\\dark\\element\\color.json","type":"file","isSymbolicLink":false,"fileMetaData":{"size":105,"lastModifiedTime":1762331727114}}]}]},{"hashValue":"","name":"rawfile","path":"D:\\DE\\DataManagement\\entry\\src\\main\\resources\\rawfile","type":"directory","isSymbolicLink":false,"children":[]}]},"D:\\DE\\DataManagement\\AppScope\\resources":{"hashValue":"ab60a0be537bc570b2006f6cf611d416","name":"resources","path":"D:\\DE\\DataManagement\\AppScope\\resources","type":"directory","isSymbolicLink":false,"children":[{"hashValue":"7a7175136f02c5ac801df69f23f2483c","name":"base","path":"D:\\DE\\DataManagement\\AppScope\\resources\\base","type":"directory","isSymbolicLink":false,"children":[{"hashValue":"108def63ced3f4c9da1574586a41d5d9","name":"element","path":"D:\\DE\\DataManagement\\AppScope\\resources\\base\\element","type":"directory","isSymbolicLink":false,"children":[{"hashValue":"e847cfcdbd0e2fb70387e611a4932b08","name":"string.json","path":"D:\\DE\\DataManagement\\AppScope\\resources\\base\\element\\string.json","type":"file","isSymbolicLink":false,"fileMetaData":{"size":100,"lastModifiedTime":1762331726894}}]},{"hashValue":"cdfb630e74d3d69a9e1f7961a4b436f6","name":"media","path":"D:\\DE\\DataManagement\\AppScope\\resources\\base\\media","type":"directory","isSymbolicLink":false,"children":[{"hashValue":"eb3680e9f97dbb7f744a6d740f2be9d7","name":"background.png","path":"D:\\DE\\DataManagement\\AppScope\\resources\\base\\media\\background.png","type":"file","isSymbolicLink":false,"fileMetaData":{"size":91942,"lastModifiedTime":1762331726872}},{"hashValue":"d66702fb4e45c978c49d2ede19951453","name":"foreground.png","path":"D:\\DE\\DataManagement\\AppScope\\resources\\base\\media\\foreground.png","type":"file","isSymbolicLink":false,"fileMetaData":{"size":8805,"lastModifiedTime":1762331726877}},{"hashValue":"790fd18fe97b724c0ded84cef917f576","name":"layered_image.json","path":"D:\\DE\\DataManagement\\AppScope\\resources\\base\\media\\layered_image.json","type":"file","isSymbolicLink":false,"fileMetaData":{"size":109,"lastModifiedTime":1762331726883}}]}]}]},"D:\\DE\\DataManagement\\entry\\build\\default\\intermediates\\res\\default":{"hashValue":"7233c0895518eef4a29b465d2c7ea312","name":"default","path":"D:\\DE\\DataManagement\\entry\\build\\default\\intermediates\\res\\default","type":"directory","isSymbolicLink":false,"children":[{"hashValue":"4c63adb246142df9bab96e4a09c8078f","name":".caches","path":"D:\\DE\\DataManagement\\entry\\build\\default\\intermediates\\res\\default\\.caches","type":"directory","isSymbolicLink":false,"children":[{"hashValue":"1e1de7713336ae92ee62f5a5c40074c9","name":"base","path":"D:\\DE\\DataManagement\\entry\\build\\default\\intermediates\\res\\default\\.caches\\base","type":"directory","isSymbolicLink":false,"children":[{"hashValue":"a7b865de7fec07ca87121115cc4eee4f","name":"media","path":"D:\\DE\\DataManagement\\entry\\build\\default\\intermediates\\res\\default\\.caches\\base\\media","type":"directory","isSymbolicLink":false,"children":[{"hashValue":"152c3456b564a3f791bf062bc8c7f30d","name":"background.png","path":"D:\\DE\\DataManagement\\entry\\build\\default\\intermediates\\res\\default\\.caches\\base\\media\\background.png","type":"file","isSymbolicLink":false,"fileMetaData":{"size":70283,"lastModifiedTime":1762332536093}},{"hashValue":"97a1b9715c0bd12d77be82b40413e33f","name":"foreground.png","path":"D:\\DE\\DataManagement\\entry\\build\\default\\intermediates\\res\\default\\.caches\\base\\media\\foreground.png","type":"file","isSymbolicLink":false,"fileMetaData":{"size":9325,"lastModifiedTime":1762332536128}}]}]}]},{"hashValue":"0077d5f791c1bfb89c7227997849dd1d","name":"ark_module.json","path":"D:\\DE\\DataManagement\\entry\\build\\default\\intermediates\\res\\default\\ark_module.json","type":"file","isSymbolicLink":false,"fileMetaData":{"size":1324,"lastModifiedTime":1762332535559}},{"hashValue":"e1224b2cf97e54efebecd9124801562a","name":"ids_map","path":"D:\\DE\\DataManagement\\entry\\build\\default\\intermediates\\res\\default\\ids_map","type":"directory","isSymbolicLink":false,"children":[{"hashValue":"226763ff377988cf35b75ebcb1b36f90","name":"id_defined.json","path":"D:\\DE\\DataManagement\\entry\\build\\default\\intermediates\\res\\default\\ids_map\\id_defined.json","type":"file","isSymbolicLink":false,"fileMetaData":{"size":1227,"lastModifiedTime":1762332536138}}]},{"hashValue":"afd913f2514f2e6901ec4e9152bce023","name":"module.json","path":"D:\\DE\\DataManagement\\entry\\build\\default\\intermediates\\res\\default\\module.json","type":"file","isSymbolicLink":false,"fileMetaData":{"size":1849,"lastModifiedTime":1762332536037}},{"hashValue":"fec83cb9ccea64003a520e0c453ad97e","name":"opt-compression.json","path":"D:\\DE\\DataManagement\\entry\\build\\default\\intermediates\\res\\default\\opt-compression.json","type":"file","isSymbolicLink":false,"fileMetaData":{"size":176,"lastModifiedTime":1762332535607}},{"hashValue":"d1e6a89207900ae0479c5ff68be78f74","name":"resConfig.json","path":"D:\\DE\\DataManagement\\entry\\build\\default\\intermediates\\res\\default\\resConfig.json","type":"file","isSymbolicLink":false,"fileMetaData":{"size":960,"lastModifiedTime":1762332535607}},{"hashValue":"d98c3d9cd11bbd98c6ff71af7dc39ec8","name":"resources","path":"D:\\DE\\DataManagement\\entry\\build\\default\\intermediates\\res\\default\\resources","type":"directory","isSymbolicLink":false,"children":[{"hashValue":"65630c40d1be017dd7440cc400824d22","name":"base","path":"D:\\DE\\DataManagement\\entry\\build\\default\\intermediates\\res\\default\\resources\\base","type":"directory","isSymbolicLink":false,"children":[{"hashValue":"9884d36edb0d0ad9144c8e85b17d8565","name":"media","path":"D:\\DE\\DataManagement\\entry\\build\\default\\intermediates\\res\\default\\resources\\base\\media","type":"directory","isSymbolicLink":false,"children":[{"hashValue":"152c3456b564a3f791bf062bc8c7f30d","name":"background.png","path":"D:\\DE\\DataManagement\\entry\\build\\default\\intermediates\\res\\default\\resources\\base\\media\\background.png","type":"file","isSymbolicLink":false,"fileMetaData":{"size":70283,"lastModifiedTime":1762332536093}},{"hashValue":"637ef6c629e1e6619c894b0323887513","name":"close.png","path":"D:\\DE\\DataManagement\\entry\\build\\default\\intermediates\\res\\default\\resources\\base\\media\\close.png","type":"file","isSymbolicLink":false,"fileMetaData":{"size":5408,"lastModifiedTime":1758524662000}},{"hashValue":"88e4f1b751282484c710281e8d38508d","name":"delete.png","path":"D:\\DE\\DataManagement\\entry\\build\\default\\intermediates\\res\\default\\resources\\base\\media\\delete.png","type":"file","isSymbolicLink":false,"fileMetaData":{"size":5536,"lastModifiedTime":1762137516000}},{"hashValue":"eb96cdf9c2c6fa9f13f76bfb08333ddd","name":"edit.png","path":"D:\\DE\\DataManagement\\entry\\build\\default\\intermediates\\res\\default\\resources\\base\\media\\edit.png","type":"file","isSymbolicLink":false,"fileMetaData":{"size":3613,"lastModifiedTime":1762137488000}},{"hashValue":"97a1b9715c0bd12d77be82b40413e33f","name":"foreground.png","path":"D:\\DE\\DataManagement\\entry\\build\\default\\intermediates\\res\\default\\resources\\base\\media\\foreground.png","type":"file","isSymbolicLink":false,"fileMetaData":{"size":9325,"lastModifiedTime":1762332536128}},{"hashValue":"d611d44a10b8a1d78e57683f61af37d1","name":"layered_image.json","path":"D:\\DE\\DataManagement\\entry\\build\\default\\intermediates\\res\\default\\resources\\base\\media\\layered_image.json","type":"file","isSymbolicLink":false,"fileMetaData":{"size":95,"lastModifiedTime":1762332536025}},{"hashValue":"d00a0cef628632db5e87beb500a60310","name":"look.png","path":"D:\\DE\\DataManagement\\entry\\build\\default\\intermediates\\res\\default\\resources\\base\\media\\look.png","type":"file","isSymbolicLink":false,"fileMetaData":{"size":6660,"lastModifiedTime":1762137463000}},{"hashValue":"c20be7cb99fb51192966bf92e1e29ad1","name":"startIcon.png","path":"D:\\DE\\DataManagement\\entry\\build\\default\\intermediates\\res\\default\\resources\\base\\media\\startIcon.png","type":"file","isSymbolicLink":false,"fileMetaData":{"size":20093,"lastModifiedTime":1761869500000}}]},{"hashValue":"e6672e8aaff6e1cd3cfe728b44ae42d1","name":"profile","path":"D:\\DE\\DataManagement\\entry\\build\\default\\intermediates\\res\\default\\resources\\base\\profile","type":"directory","isSymbolicLink":false,"children":[{"hashValue":"8afb4e7b8ffd515f0962483d462749d3","name":"backup_config.json","path":"D:\\DE\\DataManagement\\entry\\build\\default\\intermediates\\res\\default\\resources\\base\\profile\\backup_config.json","type":"file","isSymbolicLink":false,"fileMetaData":{"size":36,"lastModifiedTime":1762331727138}},{"hashValue":"0f0ea07ec8fab46f599276087170d066","name":"main_pages.json","path":"D:\\DE\\DataManagement\\entry\\build\\default\\intermediates\\res\\default\\resources\\base\\profile\\main_pages.json","type":"file","isSymbolicLink":false,"fileMetaData":{"size":88,"lastModifiedTime":1762332136570}}]}]},{"hashValue":"","name":"rawfile","path":"D:\\DE\\DataManagement\\entry\\build\\default\\intermediates\\res\\default\\resources\\rawfile","type":"directory","isSymbolicLink":false,"children":[]}]},{"hashValue":"b5103544f344a564591dd2a6f5fbfecc","name":"resources.index","path":"D:\\DE\\DataManagement\\entry\\build\\default\\intermediates\\res\\default\\resources.index","type":"file","isSymbolicLink":false,"fileMetaData":{"size":1296,"lastModifiedTime":1762332536137}},{"hashValue":"5488baca3c42c7b5283a5959cd229f45","name":"ResourceTable.txt","path":"D:\\DE\\DataManagement\\entry\\build\\default\\intermediates\\res\\default\\ResourceTable.txt","type":"file","isSymbolicLink":false,"fileMetaData":{"size":475,"lastModifiedTime":1762332536029}}]},"D:\\DE\\DataManagement\\entry\\build\\default\\generated\\r\\default\\ResourceTable.h":{"hashValue":"517e377fc602baa7f562d4cba7d67d69","name":"ResourceTable.h","path":"D:\\DE\\DataManagement\\entry\\build\\default\\generated\\r\\default\\ResourceTable.h","type":"file","isSymbolicLink":false,"fileMetaData":{"size":1453,"lastModifiedTime":1762332536029}},"D:\\DE\\DataManagement\\entry\\build\\default\\generated\\r\\default":{"hashValue":"0d593ac9944025d5cbd6e86a2933adc3","name":"default","path":"D:\\DE\\DataManagement\\entry\\build\\default\\generated\\r\\default","type":"directory","isSymbolicLink":false,"children":[{"hashValue":"517e377fc602baa7f562d4cba7d67d69","name":"ResourceTable.h","path":"D:\\DE\\DataManagement\\entry\\build\\default\\generated\\r\\default\\ResourceTable.h","type":"file","isSymbolicLink":false,"fileMetaData":{"size":1453,"lastModifiedTime":1762332536029}}]},"D:\\DE\\DataManagement\\entry\\build\\default\\intermediates\\loader\\default":{"hashValue":"3687c5fa0c0e9a54ef986bf1b5b519a1","name":"default","path":"D:\\DE\\DataManagement\\entry\\build\\default\\intermediates\\loader\\default","type":"directory","isSymbolicLink":false,"children":[{"hashValue":"ae6c79945e9699b74b1c552fabe86caf","name":"loader.json","path":"D:\\DE\\DataManagement\\entry\\build\\default\\intermediates\\loader\\default\\loader.json","type":"file","isSymbolicLink":false,"fileMetaData":{"size":866,"lastModifiedTime":1762332535628}},{"hashValue":"e8450b303c07271c2ab30b99f7378e6e","name":"pkgContextInfo.json","path":"D:\\DE\\DataManagement\\entry\\build\\default\\intermediates\\loader\\default\\pkgContextInfo.json","type":"file","isSymbolicLink":false,"fileMetaData":{"size":444,"lastModifiedTime":1762332535386}}]},"D:\\DE\\DataManagement\\entry\\build\\default\\intermediates\\res\\default\\resources\\rawfile":{"hashValue":"","name":"rawfile","path":"D:\\DE\\DataManagement\\entry\\build\\default\\intermediates\\res\\default\\resources\\rawfile","type":"directory","isSymbolicLink":false,"children":[]},"D:\\DE\\DataManagement\\entry\\build\\default\\intermediates\\res\\default\\ResourceTable.txt":{"hashValue":"5488baca3c42c7b5283a5959cd229f45","name":"ResourceTable.txt","path":"D:\\DE\\DataManagement\\entry\\build\\default\\intermediates\\res\\default\\ResourceTable.txt","type":"file","isSymbolicLink":false,"fileMetaData":{"size":475,"lastModifiedTime":1762332536029}},"D:\\DE\\DataManagement\\entry\\build\\default\\intermediates\\res\\default\\ark_module.json":{"hashValue":"0077d5f791c1bfb89c7227997849dd1d","name":"ark_module.json","path":"D:\\DE\\DataManagement\\entry\\build\\default\\intermediates\\res\\default\\ark_module.json","type":"file","isSymbolicLink":false,"fileMetaData":{"size":1324,"lastModifiedTime":1762332535559}},"D:\\DE\\DataManagement\\entry\\build\\default\\intermediates\\res\\default\\resources\\base\\profile":{"hashValue":"e6672e8aaff6e1cd3cfe728b44ae42d1","name":"profile","path":"D:\\DE\\DataManagement\\entry\\build\\default\\intermediates\\res\\default\\resources\\base\\profile","type":"directory","isSymbolicLink":false,"children":[{"hashValue":"8afb4e7b8ffd515f0962483d462749d3","name":"backup_config.json","path":"D:\\DE\\DataManagement\\entry\\build\\default\\intermediates\\res\\default\\resources\\base\\profile\\backup_config.json","type":"file","isSymbolicLink":false,"fileMetaData":{"size":36,"lastModifiedTime":1762331727138}},{"hashValue":"0f0ea07ec8fab46f599276087170d066","name":"main_pages.json","path":"D:\\DE\\DataManagement\\entry\\build\\default\\intermediates\\res\\default\\resources\\base\\profile\\main_pages.json","type":"file","isSymbolicLink":false,"fileMetaData":{"size":88,"lastModifiedTime":1762332136570}}]},"D:\\DE\\DataManagement\\entry\\src\\main\\ets":{"hashValue":"4622032b5f8cf875dff5f1aca2d3ad54","name":"ets","path":"D:\\DE\\DataManagement\\entry\\src\\main\\ets","type":"directory","isSymbolicLink":false,"children":[{"hashValue":"1fbd53020bad892035ec190ed15f90b3","name":"db","path":"D:\\DE\\DataManagement\\entry\\src\\main\\ets\\db","type":"directory","isSymbolicLink":false,"children":[{"hashValue":"2af4263d924d62d5f6a3b2c9edd2c084","name":"UserDb.ets","path":"D:\\DE\\DataManagement\\entry\\src\\main\\ets\\db\\UserDb.ets","type":"file","isSymbolicLink":false,"fileMetaData":{"size":2192,"lastModifiedTime":1762332017937}}]},{"hashValue":"a920b586dc1b803096c897c89197f40b","name":"entryability","path":"D:\\DE\\DataManagement\\entry\\src\\main\\ets\\entryability","type":"directory","isSymbolicLink":false,"children":[{"hashValue":"61a35c399fbefc990649cae60308459a","name":"EntryAbility.ets","path":"D:\\DE\\DataManagement\\entry\\src\\main\\ets\\entryability\\EntryAbility.ets","type":"file","isSymbolicLink":false,"fileMetaData":{"size":1623,"lastModifiedTime":1762331727102}}]},{"hashValue":"d69284176774a62b5972a3c982692858","name":"entrybackupability","path":"D:\\DE\\DataManagement\\entry\\src\\main\\ets\\entrybackupability","type":"directory","isSymbolicLink":false,"children":[{"hashValue":"637a453a60e29c3c94b9cde84a4f44b1","name":"EntryBackupAbility.ets","path":"D:\\DE\\DataManagement\\entry\\src\\main\\ets\\entrybackupability\\EntryBackupAbility.ets","type":"file","isSymbolicLink":false,"fileMetaData":{"size":522,"lastModifiedTime":1762331731402}}]},{"hashValue":"9d9a490751144b11b1901f222a2e62aa","name":"pages","path":"D:\\DE\\DataManagement\\entry\\src\\main\\ets\\pages","type":"directory","isSymbolicLink":false,"children":[{"hashValue":"e608056d5688ecb0d98e958d7e6a6194","name":"DataManager.ets","path":"D:\\DE\\DataManagement\\entry\\src\\main\\ets\\pages\\DataManager.ets","type":"file","isSymbolicLink":false,"fileMetaData":{"size":6716,"lastModifiedTime":1762332088375}},{"hashValue":"7c25198a6cc7feaa8adcff6181d642bd","name":"Index.ets","path":"D:\\DE\\DataManagement\\entry\\src\\main\\ets\\pages\\Index.ets","type":"file","isSymbolicLink":false,"fileMetaData":{"size":784,"lastModifiedTime":1762332405470}},{"hashValue":"d1871cafcee9d8815bdae73ea5dda8ec","name":"MyDialog.ets","path":"D:\\DE\\DataManagement\\entry\\src\\main\\ets\\pages\\MyDialog.ets","type":"file","isSymbolicLink":false,"fileMetaData":{"size":8618,"lastModifiedTime":1762332136540}},{"hashValue":"5310b282b2abed839c256d998fd77a09","name":"MyPreferences.ets","path":"D:\\DE\\DataManagement\\entry\\src\\main\\ets\\pages\\MyPreferences.ets","type":"file","isSymbolicLink":false,"fileMetaData":{"size":4028,"lastModifiedTime":1762332150395}},{"hashValue":"1e79159b5865465ae6a331c9546c9d94","name":"MyRelationalStore.ets","path":"D:\\DE\\DataManagement\\entry\\src\\main\\ets\\pages\\MyRelationalStore.ets","type":"file","isSymbolicLink":false,"fileMetaData":{"size":0,"lastModifiedTime":1762332214556}}]},{"hashValue":"9160c82bbde5346327b7701832f0b77e","name":"utils","path":"D:\\DE\\DataManagement\\entry\\src\\main\\ets\\utils","type":"directory","isSymbolicLink":false,"children":[{"hashValue":"c94d55ed15410899e995d1fbb614b8c4","name":"RdbUtil.ets","path":"D:\\DE\\DataManagement\\entry\\src\\main\\ets\\utils\\RdbUtil.ets","type":"file","isSymbolicLink":false,"fileMetaData":{"size":6753,"lastModifiedTime":1762332244600}},{"hashValue":"c4a2238f0edba2f14f78b43afbf1a327","name":"TimeUtil.ets","path":"D:\\DE\\DataManagement\\entry\\src\\main\\ets\\utils\\TimeUtil.ets","type":"file","isSymbolicLink":false,"fileMetaData":{"size":557,"lastModifiedTime":1762332258080}}]}]},"D:\\DE\\DataManagement\\entry\\build\\default\\intermediates\\loader_out\\default\\ets":{"hashValue":"b28e984c5c764dd1f6ba678e2244732f","name":"ets","path":"D:\\DE\\DataManagement\\entry\\build\\default\\intermediates\\loader_out\\default\\ets","type":"directory","isSymbolicLink":false,"children":[{"hashValue":"a3e6b77891d4eee19e48a31ba2e9b660","name":"modules.abc","path":"D:\\DE\\DataManagement\\entry\\build\\default\\intermediates\\loader_out\\default\\ets\\modules.abc","type":"file","isSymbolicLink":false,"fileMetaData":{"size":97608,"lastModifiedTime":1762332543890}},{"hashValue":"bdf98b58059f778f62d3c017b4602b82","name":"sourceMaps.map","path":"D:\\DE\\DataManagement\\entry\\build\\default\\intermediates\\loader_out\\default\\ets\\sourceMaps.map","type":"file","isSymbolicLink":false,"fileMetaData":{"size":35242,"lastModifiedTime":1762332543821}}]},"D:\\DE\\DataManagement\\entry\\build\\default\\intermediates\\loader_out\\default\\js":{"hashValue":"","name":"emptyroot","path":"","type":"unknown","isSymbolicLink":false,"children":[]},"D:\\DE\\DataManagement\\entry\\build\\default\\intermediates\\stripped_native_libs\\default":{"hashValue":"","name":"default","path":"D:\\DE\\DataManagement\\entry\\build\\default\\intermediates\\stripped_native_libs\\default","type":"directory","isSymbolicLink":false,"children":[]},"D:\\DE\\DataManagement\\entry\\build\\default\\intermediates\\patch\\default\\base_native_libs.json":{"hashValue":"ed1965cbd7541143e12f8422befaa32a","name":"base_native_libs.json","path":"D:\\DE\\DataManagement\\entry\\build\\default\\intermediates\\patch\\default\\base_native_libs.json","type":"file","isSymbolicLink":false,"fileMetaData":{"size":25,"lastModifiedTime":1762332538242}},"D:\\DE\\DataManagement\\entry\\build\\default\\intermediates\\res\\default\\module.json":{"hashValue":"afd913f2514f2e6901ec4e9152bce023","name":"module.json","path":"D:\\DE\\DataManagement\\entry\\build\\default\\intermediates\\res\\default\\module.json","type":"file","isSymbolicLink":false,"fileMetaData":{"size":1849,"lastModifiedTime":1762332536037}},"D:\\DE\\DataManagement\\entry\\build\\default\\intermediates\\package\\default\\module.json":{"hashValue":"afd913f2514f2e6901ec4e9152bce023","name":"module.json","path":"D:\\DE\\DataManagement\\entry\\build\\default\\intermediates\\package\\default\\module.json","type":"file","isSymbolicLink":false,"fileMetaData":{"size":1849,"lastModifiedTime":1762332536037}},"D:\\DE\\DataManagement\\entry\\build\\default\\intermediates\\res\\default\\resources":{"hashValue":"d98c3d9cd11bbd98c6ff71af7dc39ec8","name":"resources","path":"D:\\DE\\DataManagement\\entry\\build\\default\\intermediates\\res\\default\\resources","type":"directory","isSymbolicLink":false,"children":[{"hashValue":"65630c40d1be017dd7440cc400824d22","name":"base","path":"D:\\DE\\DataManagement\\entry\\build\\default\\intermediates\\res\\default\\resources\\base","type":"directory","isSymbolicLink":false,"children":[{"hashValue":"9884d36edb0d0ad9144c8e85b17d8565","name":"media","path":"D:\\DE\\DataManagement\\entry\\build\\default\\intermediates\\res\\default\\resources\\base\\media","type":"directory","isSymbolicLink":false,"children":[{"hashValue":"152c3456b564a3f791bf062bc8c7f30d","name":"background.png","path":"D:\\DE\\DataManagement\\entry\\build\\default\\intermediates\\res\\default\\resources\\base\\media\\background.png","type":"file","isSymbolicLink":false,"fileMetaData":{"size":70283,"lastModifiedTime":1762332536093}},{"hashValue":"637ef6c629e1e6619c894b0323887513","name":"close.png","path":"D:\\DE\\DataManagement\\entry\\build\\default\\intermediates\\res\\default\\resources\\base\\media\\close.png","type":"file","isSymbolicLink":false,"fileMetaData":{"size":5408,"lastModifiedTime":1758524662000}},{"hashValue":"88e4f1b751282484c710281e8d38508d","name":"delete.png","path":"D:\\DE\\DataManagement\\entry\\build\\default\\intermediates\\res\\default\\resources\\base\\media\\delete.png","type":"file","isSymbolicLink":false,"fileMetaData":{"size":5536,"lastModifiedTime":1762137516000}},{"hashValue":"eb96cdf9c2c6fa9f13f76bfb08333ddd","name":"edit.png","path":"D:\\DE\\DataManagement\\entry\\build\\default\\intermediates\\res\\default\\resources\\base\\media\\edit.png","type":"file","isSymbolicLink":false,"fileMetaData":{"size":3613,"lastModifiedTime":1762137488000}},{"hashValue":"97a1b9715c0bd12d77be82b40413e33f","name":"foreground.png","path":"D:\\DE\\DataManagement\\entry\\build\\default\\intermediates\\res\\default\\resources\\base\\media\\foreground.png","type":"file","isSymbolicLink":false,"fileMetaData":{"size":9325,"lastModifiedTime":1762332536128}},{"hashValue":"d611d44a10b8a1d78e57683f61af37d1","name":"layered_image.json","path":"D:\\DE\\DataManagement\\entry\\build\\default\\intermediates\\res\\default\\resources\\base\\media\\layered_image.json","type":"file","isSymbolicLink":false,"fileMetaData":{"size":95,"lastModifiedTime":1762332536025}},{"hashValue":"d00a0cef628632db5e87beb500a60310","name":"look.png","path":"D:\\DE\\DataManagement\\entry\\build\\default\\intermediates\\res\\default\\resources\\base\\media\\look.png","type":"file","isSymbolicLink":false,"fileMetaData":{"size":6660,"lastModifiedTime":1762137463000}},{"hashValue":"c20be7cb99fb51192966bf92e1e29ad1","name":"startIcon.png","path":"D:\\DE\\DataManagement\\entry\\build\\default\\intermediates\\res\\default\\resources\\base\\media\\startIcon.png","type":"file","isSymbolicLink":false,"fileMetaData":{"size":20093,"lastModifiedTime":1761869500000}}]},{"hashValue":"e6672e8aaff6e1cd3cfe728b44ae42d1","name":"profile","path":"D:\\DE\\DataManagement\\entry\\build\\default\\intermediates\\res\\default\\resources\\base\\profile","type":"directory","isSymbolicLink":false,"children":[{"hashValue":"8afb4e7b8ffd515f0962483d462749d3","name":"backup_config.json","path":"D:\\DE\\DataManagement\\entry\\build\\default\\intermediates\\res\\default\\resources\\base\\profile\\backup_config.json","type":"file","isSymbolicLink":false,"fileMetaData":{"size":36,"lastModifiedTime":1762331727138}},{"hashValue":"0f0ea07ec8fab46f599276087170d066","name":"main_pages.json","path":"D:\\DE\\DataManagement\\entry\\build\\default\\intermediates\\res\\default\\resources\\base\\profile\\main_pages.json","type":"file","isSymbolicLink":false,"fileMetaData":{"size":88,"lastModifiedTime":1762332136570}}]}]},{"hashValue":"","name":"rawfile","path":"D:\\DE\\DataManagement\\entry\\build\\default\\intermediates\\res\\default\\resources\\rawfile","type":"directory","isSymbolicLink":false,"children":[]}]},"D:\\DE\\DataManagement\\entry\\build\\default\\intermediates\\res\\default\\resources.index":{"hashValue":"b5103544f344a564591dd2a6f5fbfecc","name":"resources.index","path":"D:\\DE\\DataManagement\\entry\\build\\default\\intermediates\\res\\default\\resources.index","type":"file","isSymbolicLink":false,"fileMetaData":{"size":1296,"lastModifiedTime":1762332536137}},"D:\\DE\\DataManagement\\entry\\build\\default\\intermediates\\loader_out\\default\\ets\\sourceMaps.map":{"hashValue":"bdf98b58059f778f62d3c017b4602b82","name":"sourceMaps.map","path":"D:\\DE\\DataManagement\\entry\\build\\default\\intermediates\\loader_out\\default\\ets\\sourceMaps.map","type":"file","isSymbolicLink":false,"fileMetaData":{"size":35242,"lastModifiedTime":1762332543821}},"D:\\DE\\DataManagement\\entry\\build\\default\\outputs\\default\\entry-default-unsigned.hap":{"hashValue":"e3addbe7e25990f67df418aaafee35bd","name":"entry-default-unsigned.hap","path":"D:\\DE\\DataManagement\\entry\\build\\default\\outputs\\default\\entry-default-unsigned.hap","type":"file","isSymbolicLink":false,"fileMetaData":{"size":259954,"lastModifiedTime":1762332544599}},"D:\\DE\\DataManagement\\entry\\build\\default\\intermediates\\source_map\\default\\sourceMaps.map":{"hashValue":"bdf98b58059f778f62d3c017b4602b82","name":"sourceMaps.map","path":"D:\\DE\\DataManagement\\entry\\build\\default\\intermediates\\source_map\\default\\sourceMaps.map","type":"file","isSymbolicLink":false,"fileMetaData":{"size":35242,"lastModifiedTime":1762332543821}},"D:\\DE\\DataManagement\\entry\\build\\default\\outputs\\default\\mapping\\sourceMaps.map":{"hashValue":"bdf98b58059f778f62d3c017b4602b82","name":"sourceMaps.map","path":"D:\\DE\\DataManagement\\entry\\build\\default\\outputs\\default\\mapping\\sourceMaps.map","type":"file","isSymbolicLink":false,"fileMetaData":{"size":35242,"lastModifiedTime":1762332543821}},"D:\\DE\\DataManagement\\entry\\build\\default\\outputs\\default\\entry-default-signed.hap":{"hashValue":"","name":"emptyroot","path":"","type":"unknown","isSymbolicLink":false,"children":[]},"D:\\DE\\DataManagement\\entry\\build\\default\\outputs\\default\\symbol":{"hashValue":"","name":"emptyroot","path":"","type":"unknown","isSymbolicLink":false,"children":[]}}